Name,Price,Rating
Price and other details may vary based on product size and colour.,N/A,N/A
Men's AGR-008 Running Shoes,₹899,N/A
Men's AGR-001 Running Shoes,₹799,N/A
Men's AGR-010 Running Shoes,₹849,N/A
Men's AGR-004 Running Shoes,₹899,N/A
mens Oxyfit (N) Walking Shoe,₹519,4.1 out of 5 stars
Mens Vega-m1 Running Shoes,₹829,4.2 out of 5 stars
Mens Formal Shoes,₹939,3.8 out of 5 stars
Helios insoles For Men & women (Trim to Fit) Size 7-11 (Shock Absorption),₹539,3.6 out of 5 stars
Men's Wonder-13 Sports Running Shoes,₹514,3.9 out of 5 stars
Ranger Badminton/Tennis Court Shoe for Men,₹847,4.0 out of 5 stars
"Men's Thar-01 Sports Running,Walking & Gym Shoes with Eva Sole Extra Jump Casual Sneaker Shoes for Men's & Boy's",₹624,3.8 out of 5 stars
"Men's Delta-20 Sports Running,Walking & Gym Shoes with Eva Sole Extra Jump Casual Sneaker Lightweight Lace-Up Shoes for Men's & Boy's",₹724,3.9 out of 5 stars
Men's Thunder-01 Casual Sneaker Colour Changing Shoes with Extra Cushion Lightwight Lace-Up Shoes for Men's & Boy's,₹724,3.5 out of 5 stars
Men's Maxico Running Shoes,₹779,3.9 out of 5 stars
Mens Miranda Walking Shoe,₹879,4.0 out of 5 stars
Mens Miranda Walking Shoe,₹879,4.0 out of 5 stars
Mens Walking Shoe,₹667.81,4.0 out of 5 stars
4102-2,₹959,4.0 out of 5 stars
Mens 6050-02 Uniform Dress Shoe,₹869,4.1 out of 5 stars
4107-1,₹959,5.0 out of 5 stars
4105-2,₹959,5.0 out of 5 stars
Mens 6072-01 Running Shoe,₹719,4.0 out of 5 stars
Men's Sports Running Shoes Indus-251,₹612,3.7 out of 5 stars
Men's Loire-z126 Running Shoes,₹749,3.8 out of 5 stars
"Men's Waterproof-03 Sports Running, Walking & Gym Shoes with Max Cushion Technology | Latest Casual Sneakers,Lace up Lightweight Shoes for Men's & Boy's",₹624,3.6 out of 5 stars
Men's Delta-21 Running Shoes for Men I Sport Shoes for Boys with Eva Sole for Extra Jump I Casual Shoes for Men,₹799,3.8 out of 5 stars
Mens Sx0500g Running Shoe,₹659,4.0 out of 5 stars
mens Sd9039g Sneakers,₹599,4.0 out of 5 stars
Men's Sneakers Walking Shoe,₹351,3.5 out of 5 stars
Sports Running Shoes for Men Outdoors for Men,₹599,N/A
Mesh Lace-Up Sports/Walking/Outdoor/Running Shoes for Men,₹726,3.5 out of 5 stars
Men's AGR-006 Running Shoes,₹899,4.0 out of 5 stars
Men's AGR-007 Running Shoes,₹899,N/A
Men's North Plus Running Shoes,"₹1,349",3.9 out of 5 stars
"Nivia HY-Court 2.0 Badminton Shoe for Mens | Rubber Sole Shoes with Upper Mesh for Sports, Badminton, Volleyball, Squash, Table Tennis, Nonmarking Sole (Red/Black) Size - UK-8","₹1,470",4.1 out of 5 stars
Men City-Ride Running Shoes,₹866,3.7 out of 5 stars
Men's TARZAN-03 Casual White Sneaker High Neck Shoes for Men I Walking & Gym Shoes for Boys with Lightweight Extra Jump I Casual Lace-Up Shoes for Men,₹599,3.7 out of 5 stars
Mens Precision Vi Running Shoe,"₹4,289",4.1 out of 5 stars
Men's Sm-675 Running Shoe,₹825,4.1 out of 5 stars
Nivia Stride 2.0 Athletic Spikes Track & Field Shoes for Mens | TPU Sole with Sublimated Mesh Upper | Die-Cut Soft NR EVA | Light Weight Cloth Insole | Suitable for Short Sprint Events (Red) UK-7,"₹1,090",3.9 out of 5 stars
Mens Sm-661 Sports Shoes,"₹1,236",3.9 out of 5 stars
Men's Running Shoes,₹989,4.1 out of 5 stars
Mens Courun Avant M Running Shoe,"₹2,585",5.0 out of 5 stars
Mens 3323-23 Sneaker,"₹1,099",3.8 out of 5 stars
Men Mesh Casual Shoes Sneakers for Men,₹279,2.9 out of 5 stars
Mens T-02 Running Shoes,₹809,3.8 out of 5 stars
Mens 3211 Sneakers,₹819,3.4 out of 5 stars
Men's Rodeo-2 Running Shoes,₹860,4.0 out of 5 stars
Mens Kenna Sneaker,"₹2,963",N/A
Mens Moonwalk-01 Loafer,₹555,4.0 out of 5 stars
"Crystal-13 Sports Running,Walking & Gym Shoes with Crystal Cushion Technology Lightweight Casual Sneaker Shoes for Men's & Boy's","₹1,349",3.8 out of 5 stars
YONEX Badminton Shoes SHB50EX Dark Gray 9,"₹3,999",3.8 out of 5 stars
Mens Gc 1869115nw Sneaker,"₹2,517",3.8 out of 5 stars
Men's BP-726 Running Shoes,₹599,3.2 out of 5 stars
Men's BP-723 Running Shoes,₹599,3.7 out of 5 stars
Mens Downshifter 12 Running,"₹3,196",4.0 out of 5 stars
Men's BP-714 Running Shoes,₹599,5.0 out of 5 stars
Men's CATO Running Shoes,₹909,4.2 out of 5 stars
Mens Sx0687g Running Shoe,"₹1,423",4.0 out of 5 stars
Mens Yking 2.0 Running Shoe,"₹2,446",4.1 out of 5 stars
Men's Skypee-162 Casual Sneaker Lightweight Lace-up Shoes for Men's & Boy's,₹499,3.8 out of 5 stars
"Men's Easywalk-08 Sports Running Shoes,First Walker, Gym Casual Sneaker Lace-Up Lightweight Shoes",₹624,3.8 out of 5 stars
Mens Vertigo Running Shoe,"₹1,999",4.0 out of 5 stars
Mens Sd0734g Sneaker,₹672,4.1 out of 5 stars
"F-04 Running Shoes,Gym Shoes,Training Shoes,Walking Shoes,Sports Shoes for Men",₹514,3.9 out of 5 stars
Sports Running Shoes for Men Outdoors for Men,₹599,2.5 out of 5 stars
Men's Running Shoe,"₹1,299",3.9 out of 5 stars
Men's AGR-005 Running Shoes,₹849,N/A
"Men's Sneakers/Running Shoes with Chunky Rubber Sole for Running, Walking, Training, Gym, Parties & Outdoor | Premium Fashionable in Black, Blue, Red, Dark & Light Grey Colour","₹1,999",1.0 out of 5 stars
"Walking, Running, Jogging, Gym & Training, Trekking Comfortable Sports Shoes","₹1,199",3.4 out of 5 stars
Campus Men's BP-714 Running Shoes,₹599,5.0 out of 5 stars
Campus Men's BP-714 Running Shoes,₹599,5.0 out of 5 stars
Puma Unisex-Adult Robust Running Shoe,"₹1,400",4.0 out of 5 stars
Puma Mens Flyer Runner Engineered Knit Running Shoe,"₹1,649",4.0 out of 5 stars
Nike Mens Downshifter 12 Running,"₹2,797",4.0 out of 5 stars
Nike Mens Defy All Day Men's Training Shoe Platform,"₹3,979",4.5 out of 5 stars
Puma Unisex-Adult All-Day Active Slipon Walking Shoe,"₹1,999",4.7 out of 5 stars
Bacca Bucci Nimbus All-Day wear Joggers Slip-on Walking Shoes with Ortholite Footbed | Extra Light Weight Shoe | Diabetic Friendly,"₹1,299",4.0 out of 5 stars
"TRASE Women's Running Shoes | Lace up Lightweight Shoes for Sports, Running, Walking, Gym & All Day Casual wear",₹594,4.0 out of 5 stars
